{
  "chart": {
    "title": "Countries with a sustainable consumption and production national action plan",
    "subtitle": "This metric measures whether countries have implemented policies as part of a sustainable consumption and production plan. This does not measure the quality or ambition of these plans, only whether a country has one.",
    "citation": "United Nations Environment Programme",
    "originalChartUrl": "https://ourworldindata.org/grapher/country-scp-plan?v=1&csvType=full&useColumnShortNames=false",
    "selection": [
      "United Kingdom",
      "Western Europe",
      "Serbia"
    ]
  },
  "columns": {
    "12.1.1 - Countries with sustainable consumption and production (SCP) national action plans or SCP mainstreamed as a priority or target into national policies (1 = YES; 0 = NO) - SG_SCP_CNTRY": {
      "titleShort": "12.1.1 - Countries with sustainable consumption and production (SCP) national action plans or SCP mainstreamed as a priority or target into national policies (1 = YES; 0 = NO) - SG_SCP_CNTRY",
      "titleLong": "12.1.1 - Countries with sustainable consumption and production (SCP) national action plans or SCP mainstreamed as a priority or target into national policies (1 = YES; 0 = NO) - SG_SCP_CNTRY",
      "descriptionShort": "Countries with sustainable consumption and production (SCP) national action plans or SCP mainstreamed as a priority or target into national policies (1 = YES; 0 = NO)",
      "shortUnit": "",
      "unit": "number",
      "timespan": "2019-2023",
      "type": "Integer",
      "owidVariableId": 992772,
      "shortName": "_12_1_1__sg_scp_cntry",
      "lastUpdated": "2024-08-27",
      "nextUpdate": "2026-08-27",
      "citationShort": "United Nations Environment Programme – processed by Our World in Data",
      "citationLong": "United Nations Environment Programme – processed by Our World in Data. “12.1.1 - Countries with sustainable consumption and production (SCP) national action plans or SCP mainstreamed as a priority or target into national policies (1 = YES; 0 = NO) - SG_SCP_CNTRY” [dataset]. United Nations Environment Programme, “Data from multiple sources” [original data].",
      "fullMetadata": "https://api.ourworldindata.org/v1/indicators/992772.metadata.json"
    }
  },
  "dateDownloaded": "2025-02-19",
  "activeFilters": {}
}